name,original_path,encoded_path
abomasnow,pokemon\images\abomasnow.png,pokemon_distorted\abomasnow.png
abra,pokemon\images\abra.png,pokemon_distorted\abra.png
absol,pokemon\images\absol.png,pokemon_distorted\absol.png
accelgor,pokemon\images\accelgor.png,pokemon_distorted\accelgor.png
aegislash-blade,pokemon\images\aegislash-blade.png,pokemon_distorted\aegislash-blade.png
aerodactyl,pokemon\images\aerodactyl.png,pokemon_distorted\aerodactyl.png
aggron,pokemon\images\aggron.png,pokemon_distorted\aggron.png
aipom,pokemon\images\aipom.png,pokemon_distorted\aipom.png
alakazam,pokemon\images\alakazam.png,pokemon_distorted\alakazam.png
alomomola,pokemon\images\alomomola.png,pokemon_distorted\alomomola.png
altaria,pokemon\images\altaria.png,pokemon_distorted\altaria.png
amaura,pokemon\images\amaura.png,pokemon_distorted\amaura.png
ambipom,pokemon\images\ambipom.png,pokemon_distorted\ambipom.png
amoonguss,pokemon\images\amoonguss.png,pokemon_distorted\amoonguss.png
ampharos,pokemon\images\ampharos.png,pokemon_distorted\ampharos.png
anorith,pokemon\images\anorith.png,pokemon_distorted\anorith.png
araquanid,pokemon\images\araquanid.png,pokemon_distorted\araquanid.png
arbok,pokemon\images\arbok.png,pokemon_distorted\arbok.png
arcanine,pokemon\images\arcanine.png,pokemon_distorted\arcanine.png
arceus,pokemon\images\arceus.png,pokemon_distorted\arceus.png
archen,pokemon\images\archen.png,pokemon_distorted\archen.png
archeops,pokemon\images\archeops.png,pokemon_distorted\archeops.png
ariados,pokemon\images\ariados.png,pokemon_distorted\ariados.png
armaldo,pokemon\images\armaldo.png,pokemon_distorted\armaldo.png
aromatisse,pokemon\images\aromatisse.png,pokemon_distorted\aromatisse.png
aron,pokemon\images\aron.png,pokemon_distorted\aron.png
articuno,pokemon\images\articuno.png,pokemon_distorted\articuno.png
audino,pokemon\images\audino.png,pokemon_distorted\audino.png
aurorus,pokemon\images\aurorus.png,pokemon_distorted\aurorus.png
avalugg,pokemon\images\avalugg.png,pokemon_distorted\avalugg.png
axew,pokemon\images\axew.png,pokemon_distorted\axew.png
azelf,pokemon\images\azelf.png,pokemon_distorted\azelf.png
azumarill,pokemon\images\azumarill.png,pokemon_distorted\azumarill.png
azurill,pokemon\images\azurill.png,pokemon_distorted\azurill.png
bagon,pokemon\images\bagon.png,pokemon_distorted\bagon.png
baltoy,pokemon\images\baltoy.png,pokemon_distorted\baltoy.png
banette,pokemon\images\banette.png,pokemon_distorted\banette.png
barbaracle,pokemon\images\barbaracle.png,pokemon_distorted\barbaracle.png
barboach,pokemon\images\barboach.png,pokemon_distorted\barboach.png
basculin-red-striped,pokemon\images\basculin-red-striped.png,pokemon_distorted\basculin-red-striped.png
bastiodon,pokemon\images\bastiodon.png,pokemon_distorted\bastiodon.png
bayleef,pokemon\images\bayleef.png,pokemon_distorted\bayleef.png
beartic,pokemon\images\beartic.png,pokemon_distorted\beartic.png
beautifly,pokemon\images\beautifly.png,pokemon_distorted\beautifly.png
beedrill,pokemon\images\beedrill.png,pokemon_distorted\beedrill.png
beheeyem,pokemon\images\beheeyem.png,pokemon_distorted\beheeyem.png
beldum,pokemon\images\beldum.png,pokemon_distorted\beldum.png
bellossom,pokemon\images\bellossom.png,pokemon_distorted\bellossom.png
bellsprout,pokemon\images\bellsprout.png,pokemon_distorted\bellsprout.png
bergmite,pokemon\images\bergmite.png,pokemon_distorted\bergmite.png
bewear,pokemon\images\bewear.png,pokemon_distorted\bewear.png
bibarel,pokemon\images\bibarel.png,pokemon_distorted\bibarel.png
bidoof,pokemon\images\bidoof.png,pokemon_distorted\bidoof.png
binacle,pokemon\images\binacle.png,pokemon_distorted\binacle.png
bisharp,pokemon\images\bisharp.png,pokemon_distorted\bisharp.png
blacephalon,pokemon\images\blacephalon.png,pokemon_distorted\blacephalon.png
blastoise,pokemon\images\blastoise.png,pokemon_distorted\blastoise.png
blaziken,pokemon\images\blaziken.png,pokemon_distorted\blaziken.png
blissey,pokemon\images\blissey.png,pokemon_distorted\blissey.png
blitzle,pokemon\images\blitzle.png,pokemon_distorted\blitzle.png
boldore,pokemon\images\boldore.png,pokemon_distorted\boldore.png
bonsly,pokemon\images\bonsly.png,pokemon_distorted\bonsly.png
bouffalant,pokemon\images\bouffalant.png,pokemon_distorted\bouffalant.png
bounsweet,pokemon\images\bounsweet.png,pokemon_distorted\bounsweet.png
braixen,pokemon\images\braixen.png,pokemon_distorted\braixen.png
braviary,pokemon\images\braviary.png,pokemon_distorted\braviary.png
breloom,pokemon\images\breloom.png,pokemon_distorted\breloom.png
brionne,pokemon\images\brionne.png,pokemon_distorted\brionne.png
bronzong,pokemon\images\bronzong.png,pokemon_distorted\bronzong.png
bronzor,pokemon\images\bronzor.png,pokemon_distorted\bronzor.png
bruxish,pokemon\images\bruxish.png,pokemon_distorted\bruxish.png
budew,pokemon\images\budew.png,pokemon_distorted\budew.png
buizel,pokemon\images\buizel.png,pokemon_distorted\buizel.png
bulbasaur,pokemon\images\bulbasaur.png,pokemon_distorted\bulbasaur.png
buneary,pokemon\images\buneary.png,pokemon_distorted\buneary.png
bunnelby,pokemon\images\bunnelby.png,pokemon_distorted\bunnelby.png
burmy,pokemon\images\burmy.png,pokemon_distorted\burmy.png
butterfree,pokemon\images\butterfree.png,pokemon_distorted\butterfree.png
buzzwole,pokemon\images\buzzwole.png,pokemon_distorted\buzzwole.png
cacnea,pokemon\images\cacnea.png,pokemon_distorted\cacnea.png
cacturne,pokemon\images\cacturne.png,pokemon_distorted\cacturne.png
camerupt,pokemon\images\camerupt.png,pokemon_distorted\camerupt.png
carbink,pokemon\images\carbink.png,pokemon_distorted\carbink.png
carnivine,pokemon\images\carnivine.png,pokemon_distorted\carnivine.png
carracosta,pokemon\images\carracosta.png,pokemon_distorted\carracosta.png
carvanha,pokemon\images\carvanha.png,pokemon_distorted\carvanha.png
cascoon,pokemon\images\cascoon.png,pokemon_distorted\cascoon.png
castform,pokemon\images\castform.png,pokemon_distorted\castform.png
caterpie,pokemon\images\caterpie.png,pokemon_distorted\caterpie.png
celebi,pokemon\images\celebi.png,pokemon_distorted\celebi.png
celesteela,pokemon\images\celesteela.png,pokemon_distorted\celesteela.png
chandelure,pokemon\images\chandelure.png,pokemon_distorted\chandelure.png
chansey,pokemon\images\chansey.png,pokemon_distorted\chansey.png
charizard,pokemon\images\charizard.png,pokemon_distorted\charizard.png
charjabug,pokemon\images\charjabug.png,pokemon_distorted\charjabug.png
charmander,pokemon\images\charmander.png,pokemon_distorted\charmander.png
charmeleon,pokemon\images\charmeleon.png,pokemon_distorted\charmeleon.png
chatot,pokemon\images\chatot.png,pokemon_distorted\chatot.png
cherrim,pokemon\images\cherrim.png,pokemon_distorted\cherrim.png
cherubi,pokemon\images\cherubi.png,pokemon_distorted\cherubi.png
chesnaught,pokemon\images\chesnaught.png,pokemon_distorted\chesnaught.png
chespin,pokemon\images\chespin.png,pokemon_distorted\chespin.png
chikorita,pokemon\images\chikorita.png,pokemon_distorted\chikorita.png
chimchar,pokemon\images\chimchar.png,pokemon_distorted\chimchar.png
chimecho,pokemon\images\chimecho.png,pokemon_distorted\chimecho.png
chinchou,pokemon\images\chinchou.png,pokemon_distorted\chinchou.png
chingling,pokemon\images\chingling.png,pokemon_distorted\chingling.png
cinccino,pokemon\images\cinccino.png,pokemon_distorted\cinccino.png
clamperl,pokemon\images\clamperl.png,pokemon_distorted\clamperl.png
clauncher,pokemon\images\clauncher.png,pokemon_distorted\clauncher.png
clawitzer,pokemon\images\clawitzer.png,pokemon_distorted\clawitzer.png
claydol,pokemon\images\claydol.png,pokemon_distorted\claydol.png
clefable,pokemon\images\clefable.png,pokemon_distorted\clefable.png
clefairy,pokemon\images\clefairy.png,pokemon_distorted\clefairy.png
cleffa,pokemon\images\cleffa.png,pokemon_distorted\cleffa.png
cloyster,pokemon\images\cloyster.png,pokemon_distorted\cloyster.png
cobalion,pokemon\images\cobalion.png,pokemon_distorted\cobalion.png
cofagrigus,pokemon\images\cofagrigus.png,pokemon_distorted\cofagrigus.png
combee,pokemon\images\combee.png,pokemon_distorted\combee.png
combusken,pokemon\images\combusken.png,pokemon_distorted\combusken.png
comfey,pokemon\images\comfey.png,pokemon_distorted\comfey.png
conkeldurr,pokemon\images\conkeldurr.png,pokemon_distorted\conkeldurr.png
corphish,pokemon\images\corphish.png,pokemon_distorted\corphish.png
corsola,pokemon\images\corsola.png,pokemon_distorted\corsola.png
cosmoem,pokemon\images\cosmoem.png,pokemon_distorted\cosmoem.png
cosmog,pokemon\images\cosmog.png,pokemon_distorted\cosmog.png
cottonee,pokemon\images\cottonee.png,pokemon_distorted\cottonee.png
crabominable,pokemon\images\crabominable.png,pokemon_distorted\crabominable.png
crabrawler,pokemon\images\crabrawler.png,pokemon_distorted\crabrawler.png
cradily,pokemon\images\cradily.png,pokemon_distorted\cradily.png
cranidos,pokemon\images\cranidos.png,pokemon_distorted\cranidos.png
crawdaunt,pokemon\images\crawdaunt.png,pokemon_distorted\crawdaunt.png
cresselia,pokemon\images\cresselia.png,pokemon_distorted\cresselia.png
croagunk,pokemon\images\croagunk.png,pokemon_distorted\croagunk.png
crobat,pokemon\images\crobat.png,pokemon_distorted\crobat.png
croconaw,pokemon\images\croconaw.png,pokemon_distorted\croconaw.png
crustle,pokemon\images\crustle.png,pokemon_distorted\crustle.png
cryogonal,pokemon\images\cryogonal.png,pokemon_distorted\cryogonal.png
cubchoo,pokemon\images\cubchoo.png,pokemon_distorted\cubchoo.png
cubone,pokemon\images\cubone.png,pokemon_distorted\cubone.png
cutiefly,pokemon\images\cutiefly.png,pokemon_distorted\cutiefly.png
cyndaquil,pokemon\images\cyndaquil.png,pokemon_distorted\cyndaquil.png
darkrai,pokemon\images\darkrai.png,pokemon_distorted\darkrai.png
darmanitan-standard,pokemon\images\darmanitan-standard.png,pokemon_distorted\darmanitan-standard.png
dartrix,pokemon\images\dartrix.png,pokemon_distorted\dartrix.png
darumaka,pokemon\images\darumaka.png,pokemon_distorted\darumaka.png
decidueye,pokemon\images\decidueye.png,pokemon_distorted\decidueye.png
dedenne,pokemon\images\dedenne.png,pokemon_distorted\dedenne.png
deerling,pokemon\images\deerling.png,pokemon_distorted\deerling.png
deino,pokemon\images\deino.png,pokemon_distorted\deino.png
delcatty,pokemon\images\delcatty.png,pokemon_distorted\delcatty.png
delibird,pokemon\images\delibird.png,pokemon_distorted\delibird.png
delphox,pokemon\images\delphox.png,pokemon_distorted\delphox.png
deoxys-normal,pokemon\images\deoxys-normal.png,pokemon_distorted\deoxys-normal.png
dewgong,pokemon\images\dewgong.png,pokemon_distorted\dewgong.png
dewott,pokemon\images\dewott.png,pokemon_distorted\dewott.png
dewpider,pokemon\images\dewpider.png,pokemon_distorted\dewpider.png
dhelmise,pokemon\images\dhelmise.png,pokemon_distorted\dhelmise.png
dialga,pokemon\images\dialga.png,pokemon_distorted\dialga.png
diancie,pokemon\images\diancie.png,pokemon_distorted\diancie.png
diggersby,pokemon\images\diggersby.png,pokemon_distorted\diggersby.png
diglett,pokemon\images\diglett.png,pokemon_distorted\diglett.png
ditto,pokemon\images\ditto.png,pokemon_distorted\ditto.png
dodrio,pokemon\images\dodrio.png,pokemon_distorted\dodrio.png
doduo,pokemon\images\doduo.png,pokemon_distorted\doduo.png
donphan,pokemon\images\donphan.png,pokemon_distorted\donphan.png
doublade,pokemon\images\doublade.png,pokemon_distorted\doublade.png
dragalge,pokemon\images\dragalge.png,pokemon_distorted\dragalge.png
dragonair,pokemon\images\dragonair.png,pokemon_distorted\dragonair.png
dragonite,pokemon\images\dragonite.png,pokemon_distorted\dragonite.png
drampa,pokemon\images\drampa.png,pokemon_distorted\drampa.png
drapion,pokemon\images\drapion.png,pokemon_distorted\drapion.png
dratini,pokemon\images\dratini.png,pokemon_distorted\dratini.png
drifblim,pokemon\images\drifblim.png,pokemon_distorted\drifblim.png
drifloon,pokemon\images\drifloon.png,pokemon_distorted\drifloon.png
drilbur,pokemon\images\drilbur.png,pokemon_distorted\drilbur.png
drowzee,pokemon\images\drowzee.png,pokemon_distorted\drowzee.png
druddigon,pokemon\images\druddigon.png,pokemon_distorted\druddigon.png
ducklett,pokemon\images\ducklett.png,pokemon_distorted\ducklett.png
dugtrio,pokemon\images\dugtrio.png,pokemon_distorted\dugtrio.png
dunsparce,pokemon\images\dunsparce.png,pokemon_distorted\dunsparce.png
duosion,pokemon\images\duosion.png,pokemon_distorted\duosion.png
durant,pokemon\images\durant.png,pokemon_distorted\durant.png
dusclops,pokemon\images\dusclops.png,pokemon_distorted\dusclops.png
dusknoir,pokemon\images\dusknoir.png,pokemon_distorted\dusknoir.png
duskull,pokemon\images\duskull.png,pokemon_distorted\duskull.png
dustox,pokemon\images\dustox.png,pokemon_distorted\dustox.png
dwebble,pokemon\images\dwebble.png,pokemon_distorted\dwebble.png
eelektrik,pokemon\images\eelektrik.png,pokemon_distorted\eelektrik.png
eelektross,pokemon\images\eelektross.png,pokemon_distorted\eelektross.png
eevee,pokemon\images\eevee.png,pokemon_distorted\eevee.png
ekans,pokemon\images\ekans.png,pokemon_distorted\ekans.png
electabuzz,pokemon\images\electabuzz.png,pokemon_distorted\electabuzz.png
electivire,pokemon\images\electivire.png,pokemon_distorted\electivire.png
electrike,pokemon\images\electrike.png,pokemon_distorted\electrike.png
electrode,pokemon\images\electrode.png,pokemon_distorted\electrode.png
elekid,pokemon\images\elekid.png,pokemon_distorted\elekid.png
elgyem,pokemon\images\elgyem.png,pokemon_distorted\elgyem.png
emboar,pokemon\images\emboar.png,pokemon_distorted\emboar.png
emolga,pokemon\images\emolga.png,pokemon_distorted\emolga.png
empoleon,pokemon\images\empoleon.png,pokemon_distorted\empoleon.png
entei,pokemon\images\entei.png,pokemon_distorted\entei.png
escavalier,pokemon\images\escavalier.png,pokemon_distorted\escavalier.png
espeon,pokemon\images\espeon.png,pokemon_distorted\espeon.png
espurr,pokemon\images\espurr.png,pokemon_distorted\espurr.png
excadrill,pokemon\images\excadrill.png,pokemon_distorted\excadrill.png
exeggcute,pokemon\images\exeggcute.png,pokemon_distorted\exeggcute.png
exeggutor,pokemon\images\exeggutor.png,pokemon_distorted\exeggutor.png
exploud,pokemon\images\exploud.png,pokemon_distorted\exploud.png
farfetchd,pokemon\images\farfetchd.png,pokemon_distorted\farfetchd.png
fearow,pokemon\images\fearow.png,pokemon_distorted\fearow.png
feebas,pokemon\images\feebas.png,pokemon_distorted\feebas.png
fennekin,pokemon\images\fennekin.png,pokemon_distorted\fennekin.png
feraligatr,pokemon\images\feraligatr.png,pokemon_distorted\feraligatr.png
ferroseed,pokemon\images\ferroseed.png,pokemon_distorted\ferroseed.png
ferrothorn,pokemon\images\ferrothorn.png,pokemon_distorted\ferrothorn.png
finneon,pokemon\images\finneon.png,pokemon_distorted\finneon.png
flaaffy,pokemon\images\flaaffy.png,pokemon_distorted\flaaffy.png
flabebe,pokemon\images\flabebe.png,pokemon_distorted\flabebe.png
flareon,pokemon\images\flareon.png,pokemon_distorted\flareon.png
fletchinder,pokemon\images\fletchinder.png,pokemon_distorted\fletchinder.png
fletchling,pokemon\images\fletchling.png,pokemon_distorted\fletchling.png
floatzel,pokemon\images\floatzel.png,pokemon_distorted\floatzel.png
floette,pokemon\images\floette.png,pokemon_distorted\floette.png
florges,pokemon\images\florges.png,pokemon_distorted\florges.png
flygon,pokemon\images\flygon.png,pokemon_distorted\flygon.png
fomantis,pokemon\images\fomantis.png,pokemon_distorted\fomantis.png
foongus,pokemon\images\foongus.png,pokemon_distorted\foongus.png
forretress,pokemon\images\forretress.png,pokemon_distorted\forretress.png
fraxure,pokemon\images\fraxure.png,pokemon_distorted\fraxure.png
frillish,pokemon\images\frillish.png,pokemon_distorted\frillish.png
froakie,pokemon\images\froakie.png,pokemon_distorted\froakie.png
frogadier,pokemon\images\frogadier.png,pokemon_distorted\frogadier.png
froslass,pokemon\images\froslass.png,pokemon_distorted\froslass.png
furfrou,pokemon\images\furfrou.png,pokemon_distorted\furfrou.png
furret,pokemon\images\furret.png,pokemon_distorted\furret.png
gabite,pokemon\images\gabite.png,pokemon_distorted\gabite.png
gallade,pokemon\images\gallade.png,pokemon_distorted\gallade.png
galvantula,pokemon\images\galvantula.png,pokemon_distorted\galvantula.png
garbodor,pokemon\images\garbodor.png,pokemon_distorted\garbodor.png
garchomp,pokemon\images\garchomp.png,pokemon_distorted\garchomp.png
gardevoir,pokemon\images\gardevoir.png,pokemon_distorted\gardevoir.png
gastly,pokemon\images\gastly.png,pokemon_distorted\gastly.png
gastrodon,pokemon\images\gastrodon.png,pokemon_distorted\gastrodon.png
genesect,pokemon\images\genesect.png,pokemon_distorted\genesect.png
gengar,pokemon\images\gengar.png,pokemon_distorted\gengar.png
geodude,pokemon\images\geodude.png,pokemon_distorted\geodude.png
gible,pokemon\images\gible.png,pokemon_distorted\gible.png
gigalith,pokemon\images\gigalith.png,pokemon_distorted\gigalith.png
girafarig,pokemon\images\girafarig.png,pokemon_distorted\girafarig.png
giratina-altered,pokemon\images\giratina-altered.png,pokemon_distorted\giratina-altered.png
glaceon,pokemon\images\glaceon.png,pokemon_distorted\glaceon.png
glalie,pokemon\images\glalie.png,pokemon_distorted\glalie.png
glameow,pokemon\images\glameow.png,pokemon_distorted\glameow.png
gligar,pokemon\images\gligar.png,pokemon_distorted\gligar.png
gliscor,pokemon\images\gliscor.png,pokemon_distorted\gliscor.png
gloom,pokemon\images\gloom.png,pokemon_distorted\gloom.png
gogoat,pokemon\images\gogoat.png,pokemon_distorted\gogoat.png
golbat,pokemon\images\golbat.png,pokemon_distorted\golbat.png
goldeen,pokemon\images\goldeen.png,pokemon_distorted\goldeen.png
golduck,pokemon\images\golduck.png,pokemon_distorted\golduck.png
golem,pokemon\images\golem.png,pokemon_distorted\golem.png
golett,pokemon\images\golett.png,pokemon_distorted\golett.png
golisopod,pokemon\images\golisopod.png,pokemon_distorted\golisopod.png
golurk,pokemon\images\golurk.png,pokemon_distorted\golurk.png
goodra,pokemon\images\goodra.png,pokemon_distorted\goodra.png
goomy,pokemon\images\goomy.png,pokemon_distorted\goomy.png
gorebyss,pokemon\images\gorebyss.png,pokemon_distorted\gorebyss.png
gothita,pokemon\images\gothita.png,pokemon_distorted\gothita.png
gothitelle,pokemon\images\gothitelle.png,pokemon_distorted\gothitelle.png
gothorita,pokemon\images\gothorita.png,pokemon_distorted\gothorita.png
gourgeist-average,pokemon\images\gourgeist-average.png,pokemon_distorted\gourgeist-average.png
granbull,pokemon\images\granbull.png,pokemon_distorted\granbull.png
graveler,pokemon\images\graveler.png,pokemon_distorted\graveler.png
greninja,pokemon\images\greninja.png,pokemon_distorted\greninja.png
grimer,pokemon\images\grimer.png,pokemon_distorted\grimer.png
grotle,pokemon\images\grotle.png,pokemon_distorted\grotle.png
groudon,pokemon\images\groudon.png,pokemon_distorted\groudon.png
grovyle,pokemon\images\grovyle.png,pokemon_distorted\grovyle.png
growlithe,pokemon\images\growlithe.png,pokemon_distorted\growlithe.png
grubbin,pokemon\images\grubbin.png,pokemon_distorted\grubbin.png
grumpig,pokemon\images\grumpig.png,pokemon_distorted\grumpig.png
gulpin,pokemon\images\gulpin.png,pokemon_distorted\gulpin.png
gumshoos,pokemon\images\gumshoos.png,pokemon_distorted\gumshoos.png
gurdurr,pokemon\images\gurdurr.png,pokemon_distorted\gurdurr.png
guzzlord,pokemon\images\guzzlord.png,pokemon_distorted\guzzlord.png
gyarados,pokemon\images\gyarados.png,pokemon_distorted\gyarados.png
hakamo-o,pokemon\images\hakamo-o.png,pokemon_distorted\hakamo-o.png
happiny,pokemon\images\happiny.png,pokemon_distorted\happiny.png
hariyama,pokemon\images\hariyama.png,pokemon_distorted\hariyama.png
haunter,pokemon\images\haunter.png,pokemon_distorted\haunter.png
hawlucha,pokemon\images\hawlucha.png,pokemon_distorted\hawlucha.png
haxorus,pokemon\images\haxorus.png,pokemon_distorted\haxorus.png
heatmor,pokemon\images\heatmor.png,pokemon_distorted\heatmor.png
heatran,pokemon\images\heatran.png,pokemon_distorted\heatran.png
heliolisk,pokemon\images\heliolisk.png,pokemon_distorted\heliolisk.png
helioptile,pokemon\images\helioptile.png,pokemon_distorted\helioptile.png
heracross,pokemon\images\heracross.png,pokemon_distorted\heracross.png
herdier,pokemon\images\herdier.png,pokemon_distorted\herdier.png
hippopotas,pokemon\images\hippopotas.png,pokemon_distorted\hippopotas.png
hippowdon,pokemon\images\hippowdon.png,pokemon_distorted\hippowdon.png
hitmonchan,pokemon\images\hitmonchan.png,pokemon_distorted\hitmonchan.png
hitmonlee,pokemon\images\hitmonlee.png,pokemon_distorted\hitmonlee.png
hitmontop,pokemon\images\hitmontop.png,pokemon_distorted\hitmontop.png
ho-oh,pokemon\images\ho-oh.png,pokemon_distorted\ho-oh.png
honchkrow,pokemon\images\honchkrow.png,pokemon_distorted\honchkrow.png
honedge,pokemon\images\honedge.png,pokemon_distorted\honedge.png
hoopa-confined,pokemon\images\hoopa-confined.png,pokemon_distorted\hoopa-confined.png
hoothoot,pokemon\images\hoothoot.png,pokemon_distorted\hoothoot.png
hoppip,pokemon\images\hoppip.png,pokemon_distorted\hoppip.png
horsea,pokemon\images\horsea.png,pokemon_distorted\horsea.png
houndoom,pokemon\images\houndoom.png,pokemon_distorted\houndoom.png
houndour,pokemon\images\houndour.png,pokemon_distorted\houndour.png
huntail,pokemon\images\huntail.png,pokemon_distorted\huntail.png
hydreigon,pokemon\images\hydreigon.png,pokemon_distorted\hydreigon.png
hypno,pokemon\images\hypno.png,pokemon_distorted\hypno.png
igglybuff,pokemon\images\igglybuff.png,pokemon_distorted\igglybuff.png
illumise,pokemon\images\illumise.png,pokemon_distorted\illumise.png
incineroar,pokemon\images\incineroar.png,pokemon_distorted\incineroar.png
infernape,pokemon\images\infernape.png,pokemon_distorted\infernape.png
inkay,pokemon\images\inkay.png,pokemon_distorted\inkay.png
ivysaur,pokemon\images\ivysaur.png,pokemon_distorted\ivysaur.png
jangmo-o,pokemon\images\jangmo-o.png,pokemon_distorted\jangmo-o.png
jellicent,pokemon\images\jellicent.png,pokemon_distorted\jellicent.png
jigglypuff,pokemon\images\jigglypuff.png,pokemon_distorted\jigglypuff.png
jirachi,pokemon\images\jirachi.png,pokemon_distorted\jirachi.png
jolteon,pokemon\images\jolteon.png,pokemon_distorted\jolteon.png
joltik,pokemon\images\joltik.png,pokemon_distorted\joltik.png
jumpluff,pokemon\images\jumpluff.png,pokemon_distorted\jumpluff.png
jynx,pokemon\images\jynx.png,pokemon_distorted\jynx.png
kabuto,pokemon\images\kabuto.png,pokemon_distorted\kabuto.png
kabutops,pokemon\images\kabutops.png,pokemon_distorted\kabutops.png
kadabra,pokemon\images\kadabra.png,pokemon_distorted\kadabra.png
kakuna,pokemon\images\kakuna.png,pokemon_distorted\kakuna.png
kangaskhan,pokemon\images\kangaskhan.png,pokemon_distorted\kangaskhan.png
karrablast,pokemon\images\karrablast.png,pokemon_distorted\karrablast.png
kartana,pokemon\images\kartana.png,pokemon_distorted\kartana.png
kecleon,pokemon\images\kecleon.png,pokemon_distorted\kecleon.png
keldeo-ordinary,pokemon\images\keldeo-ordinary.png,pokemon_distorted\keldeo-ordinary.png
kingdra,pokemon\images\kingdra.png,pokemon_distorted\kingdra.png
kingler,pokemon\images\kingler.png,pokemon_distorted\kingler.png
kirlia,pokemon\images\kirlia.png,pokemon_distorted\kirlia.png
klang,pokemon\images\klang.png,pokemon_distorted\klang.png
klefki,pokemon\images\klefki.png,pokemon_distorted\klefki.png
klink,pokemon\images\klink.png,pokemon_distorted\klink.png
klinklang,pokemon\images\klinklang.png,pokemon_distorted\klinklang.png
koffing,pokemon\images\koffing.png,pokemon_distorted\koffing.png
komala,pokemon\images\komala.png,pokemon_distorted\komala.png
kommo-o,pokemon\images\kommo-o.png,pokemon_distorted\kommo-o.png
krabby,pokemon\images\krabby.png,pokemon_distorted\krabby.png
kricketot,pokemon\images\kricketot.png,pokemon_distorted\kricketot.png
kricketune,pokemon\images\kricketune.png,pokemon_distorted\kricketune.png
krokorok,pokemon\images\krokorok.png,pokemon_distorted\krokorok.png
krookodile,pokemon\images\krookodile.png,pokemon_distorted\krookodile.png
kyogre,pokemon\images\kyogre.png,pokemon_distorted\kyogre.png
kyurem,pokemon\images\kyurem.png,pokemon_distorted\kyurem.png
lairon,pokemon\images\lairon.png,pokemon_distorted\lairon.png
lampent,pokemon\images\lampent.png,pokemon_distorted\lampent.png
landorus-incarnate,pokemon\images\landorus-incarnate.png,pokemon_distorted\landorus-incarnate.png
lanturn,pokemon\images\lanturn.png,pokemon_distorted\lanturn.png
lapras,pokemon\images\lapras.png,pokemon_distorted\lapras.png
larvesta,pokemon\images\larvesta.png,pokemon_distorted\larvesta.png
larvitar,pokemon\images\larvitar.png,pokemon_distorted\larvitar.png
latias,pokemon\images\latias.png,pokemon_distorted\latias.png
latios,pokemon\images\latios.png,pokemon_distorted\latios.png
leafeon,pokemon\images\leafeon.png,pokemon_distorted\leafeon.png
leavanny,pokemon\images\leavanny.png,pokemon_distorted\leavanny.png
ledian,pokemon\images\ledian.png,pokemon_distorted\ledian.png
ledyba,pokemon\images\ledyba.png,pokemon_distorted\ledyba.png
lickilicky,pokemon\images\lickilicky.png,pokemon_distorted\lickilicky.png
lickitung,pokemon\images\lickitung.png,pokemon_distorted\lickitung.png
liepard,pokemon\images\liepard.png,pokemon_distorted\liepard.png
lileep,pokemon\images\lileep.png,pokemon_distorted\lileep.png
lilligant,pokemon\images\lilligant.png,pokemon_distorted\lilligant.png
lillipup,pokemon\images\lillipup.png,pokemon_distorted\lillipup.png
linoone,pokemon\images\linoone.png,pokemon_distorted\linoone.png
litleo,pokemon\images\litleo.png,pokemon_distorted\litleo.png
litten,pokemon\images\litten.png,pokemon_distorted\litten.png
litwick,pokemon\images\litwick.png,pokemon_distorted\litwick.png
lombre,pokemon\images\lombre.png,pokemon_distorted\lombre.png
lopunny,pokemon\images\lopunny.png,pokemon_distorted\lopunny.png
lotad,pokemon\images\lotad.png,pokemon_distorted\lotad.png
loudred,pokemon\images\loudred.png,pokemon_distorted\loudred.png
lucario,pokemon\images\lucario.png,pokemon_distorted\lucario.png
ludicolo,pokemon\images\ludicolo.png,pokemon_distorted\ludicolo.png
lugia,pokemon\images\lugia.png,pokemon_distorted\lugia.png
lumineon,pokemon\images\lumineon.png,pokemon_distorted\lumineon.png
lunala,pokemon\images\lunala.png,pokemon_distorted\lunala.png
lunatone,pokemon\images\lunatone.png,pokemon_distorted\lunatone.png
lurantis,pokemon\images\lurantis.png,pokemon_distorted\lurantis.png
luvdisc,pokemon\images\luvdisc.png,pokemon_distorted\luvdisc.png
luxio,pokemon\images\luxio.png,pokemon_distorted\luxio.png
luxray,pokemon\images\luxray.png,pokemon_distorted\luxray.png
lycanroc-midday,pokemon\images\lycanroc-midday.png,pokemon_distorted\lycanroc-midday.png
machamp,pokemon\images\machamp.png,pokemon_distorted\machamp.png
machoke,pokemon\images\machoke.png,pokemon_distorted\machoke.png
machop,pokemon\images\machop.png,pokemon_distorted\machop.png
magby,pokemon\images\magby.png,pokemon_distorted\magby.png
magcargo,pokemon\images\magcargo.png,pokemon_distorted\magcargo.png
magearna,pokemon\images\magearna.png,pokemon_distorted\magearna.png
magikarp,pokemon\images\magikarp.png,pokemon_distorted\magikarp.png
magmar,pokemon\images\magmar.png,pokemon_distorted\magmar.png
magmortar,pokemon\images\magmortar.png,pokemon_distorted\magmortar.png
magnemite,pokemon\images\magnemite.png,pokemon_distorted\magnemite.png
magneton,pokemon\images\magneton.png,pokemon_distorted\magneton.png
magnezone,pokemon\images\magnezone.png,pokemon_distorted\magnezone.png
makuhita,pokemon\images\makuhita.png,pokemon_distorted\makuhita.png
malamar,pokemon\images\malamar.png,pokemon_distorted\malamar.png
mamoswine,pokemon\images\mamoswine.png,pokemon_distorted\mamoswine.png
manaphy,pokemon\images\manaphy.png,pokemon_distorted\manaphy.png
mandibuzz,pokemon\images\mandibuzz.png,pokemon_distorted\mandibuzz.png
manectric,pokemon\images\manectric.png,pokemon_distorted\manectric.png
mankey,pokemon\images\mankey.png,pokemon_distorted\mankey.png
mantine,pokemon\images\mantine.png,pokemon_distorted\mantine.png
mantyke,pokemon\images\mantyke.png,pokemon_distorted\mantyke.png
maractus,pokemon\images\maractus.png,pokemon_distorted\maractus.png
mareanie,pokemon\images\mareanie.png,pokemon_distorted\mareanie.png
mareep,pokemon\images\mareep.png,pokemon_distorted\mareep.png
marill,pokemon\images\marill.png,pokemon_distorted\marill.png
marowak,pokemon\images\marowak.png,pokemon_distorted\marowak.png
marshadow,pokemon\images\marshadow.png,pokemon_distorted\marshadow.png
marshtomp,pokemon\images\marshtomp.png,pokemon_distorted\marshtomp.png
masquerain,pokemon\images\masquerain.png,pokemon_distorted\masquerain.png
mawile,pokemon\images\mawile.png,pokemon_distorted\mawile.png
medicham,pokemon\images\medicham.png,pokemon_distorted\medicham.png
meditite,pokemon\images\meditite.png,pokemon_distorted\meditite.png
meganium,pokemon\images\meganium.png,pokemon_distorted\meganium.png
melmetal,pokemon\images\melmetal.png,pokemon_distorted\melmetal.png
meloetta-aria,pokemon\images\meloetta-aria.png,pokemon_distorted\meloetta-aria.png
meltan,pokemon\images\meltan.png,pokemon_distorted\meltan.png
meowstic-male,pokemon\images\meowstic-male.png,pokemon_distorted\meowstic-male.png
meowth,pokemon\images\meowth.png,pokemon_distorted\meowth.png
mesprit,pokemon\images\mesprit.png,pokemon_distorted\mesprit.png
metagross,pokemon\images\metagross.png,pokemon_distorted\metagross.png
metang,pokemon\images\metang.png,pokemon_distorted\metang.png
metapod,pokemon\images\metapod.png,pokemon_distorted\metapod.png
mew,pokemon\images\mew.png,pokemon_distorted\mew.png
mewtwo,pokemon\images\mewtwo.png,pokemon_distorted\mewtwo.png
mienfoo,pokemon\images\mienfoo.png,pokemon_distorted\mienfoo.png
mienshao,pokemon\images\mienshao.png,pokemon_distorted\mienshao.png
mightyena,pokemon\images\mightyena.png,pokemon_distorted\mightyena.png
milotic,pokemon\images\milotic.png,pokemon_distorted\milotic.png
miltank,pokemon\images\miltank.png,pokemon_distorted\miltank.png
mime-jr,pokemon\images\mime-jr.png,pokemon_distorted\mime-jr.png
mimikyu,pokemon\images\mimikyu.png,pokemon_distorted\mimikyu.png
minccino,pokemon\images\minccino.png,pokemon_distorted\minccino.png
minior-meteor,pokemon\images\minior-meteor.png,pokemon_distorted\minior-meteor.png
minun,pokemon\images\minun.png,pokemon_distorted\minun.png
misdreavus,pokemon\images\misdreavus.png,pokemon_distorted\misdreavus.png
mismagius,pokemon\images\mismagius.png,pokemon_distorted\mismagius.png
moltres,pokemon\images\moltres.png,pokemon_distorted\moltres.png
monferno,pokemon\images\monferno.png,pokemon_distorted\monferno.png
morelull,pokemon\images\morelull.png,pokemon_distorted\morelull.png
mothim,pokemon\images\mothim.png,pokemon_distorted\mothim.png
mr-mime,pokemon\images\mr-mime.png,pokemon_distorted\mr-mime.png
mudbray,pokemon\images\mudbray.png,pokemon_distorted\mudbray.png
mudkip,pokemon\images\mudkip.png,pokemon_distorted\mudkip.png
mudsdale,pokemon\images\mudsdale.png,pokemon_distorted\mudsdale.png
muk,pokemon\images\muk.png,pokemon_distorted\muk.png
munchlax,pokemon\images\munchlax.png,pokemon_distorted\munchlax.png
munna,pokemon\images\munna.png,pokemon_distorted\munna.png
murkrow,pokemon\images\murkrow.png,pokemon_distorted\murkrow.png
musharna,pokemon\images\musharna.png,pokemon_distorted\musharna.png
naganadel,pokemon\images\naganadel.png,pokemon_distorted\naganadel.png
natu,pokemon\images\natu.png,pokemon_distorted\natu.png
necrozma,pokemon\images\necrozma.png,pokemon_distorted\necrozma.png
nidoking,pokemon\images\nidoking.png,pokemon_distorted\nidoking.png
nidoqueen,pokemon\images\nidoqueen.png,pokemon_distorted\nidoqueen.png
nidoran-f,pokemon\images\nidoran-f.png,pokemon_distorted\nidoran-f.png
nidoran-m,pokemon\images\nidoran-m.png,pokemon_distorted\nidoran-m.png
nidorina,pokemon\images\nidorina.png,pokemon_distorted\nidorina.png
nidorino,pokemon\images\nidorino.png,pokemon_distorted\nidorino.png
nihilego,pokemon\images\nihilego.png,pokemon_distorted\nihilego.png
nincada,pokemon\images\nincada.png,pokemon_distorted\nincada.png
ninetales,pokemon\images\ninetales.png,pokemon_distorted\ninetales.png
ninjask,pokemon\images\ninjask.png,pokemon_distorted\ninjask.png
noctowl,pokemon\images\noctowl.png,pokemon_distorted\noctowl.png
noibat,pokemon\images\noibat.png,pokemon_distorted\noibat.png
noivern,pokemon\images\noivern.png,pokemon_distorted\noivern.png
nosepass,pokemon\images\nosepass.png,pokemon_distorted\nosepass.png
numel,pokemon\images\numel.png,pokemon_distorted\numel.png
nuzleaf,pokemon\images\nuzleaf.png,pokemon_distorted\nuzleaf.png
octillery,pokemon\images\octillery.png,pokemon_distorted\octillery.png
oddish,pokemon\images\oddish.png,pokemon_distorted\oddish.png
omanyte,pokemon\images\omanyte.png,pokemon_distorted\omanyte.png
omastar,pokemon\images\omastar.png,pokemon_distorted\omastar.png
onix,pokemon\images\onix.png,pokemon_distorted\onix.png
oranguru,pokemon\images\oranguru.png,pokemon_distorted\oranguru.png
oricorio-baile,pokemon\images\oricorio-baile.png,pokemon_distorted\oricorio-baile.png
oshawott,pokemon\images\oshawott.png,pokemon_distorted\oshawott.png
pachirisu,pokemon\images\pachirisu.png,pokemon_distorted\pachirisu.png
palkia,pokemon\images\palkia.png,pokemon_distorted\palkia.png
palossand,pokemon\images\palossand.png,pokemon_distorted\palossand.png
palpitoad,pokemon\images\palpitoad.png,pokemon_distorted\palpitoad.png
pancham,pokemon\images\pancham.png,pokemon_distorted\pancham.png
pangoro,pokemon\images\pangoro.png,pokemon_distorted\pangoro.png
panpour,pokemon\images\panpour.png,pokemon_distorted\panpour.png
pansage,pokemon\images\pansage.png,pokemon_distorted\pansage.png
pansear,pokemon\images\pansear.png,pokemon_distorted\pansear.png
paras,pokemon\images\paras.png,pokemon_distorted\paras.png
parasect,pokemon\images\parasect.png,pokemon_distorted\parasect.png
passimian,pokemon\images\passimian.png,pokemon_distorted\passimian.png
patrat,pokemon\images\patrat.png,pokemon_distorted\patrat.png
pawniard,pokemon\images\pawniard.png,pokemon_distorted\pawniard.png
pelipper,pokemon\images\pelipper.png,pokemon_distorted\pelipper.png
persian,pokemon\images\persian.png,pokemon_distorted\persian.png
petilil,pokemon\images\petilil.png,pokemon_distorted\petilil.png
phanpy,pokemon\images\phanpy.png,pokemon_distorted\phanpy.png
phantump,pokemon\images\phantump.png,pokemon_distorted\phantump.png
pheromosa,pokemon\images\pheromosa.png,pokemon_distorted\pheromosa.png
phione,pokemon\images\phione.png,pokemon_distorted\phione.png
pichu,pokemon\images\pichu.png,pokemon_distorted\pichu.png
pidgeot,pokemon\images\pidgeot.png,pokemon_distorted\pidgeot.png
pidgeotto,pokemon\images\pidgeotto.png,pokemon_distorted\pidgeotto.png
pidgey,pokemon\images\pidgey.png,pokemon_distorted\pidgey.png
pidove,pokemon\images\pidove.png,pokemon_distorted\pidove.png
pignite,pokemon\images\pignite.png,pokemon_distorted\pignite.png
pikachu,pokemon\images\pikachu.png,pokemon_distorted\pikachu.png
pikipek,pokemon\images\pikipek.png,pokemon_distorted\pikipek.png
piloswine,pokemon\images\piloswine.png,pokemon_distorted\piloswine.png
pineco,pokemon\images\pineco.png,pokemon_distorted\pineco.png
pinsir,pokemon\images\pinsir.png,pokemon_distorted\pinsir.png
piplup,pokemon\images\piplup.png,pokemon_distorted\piplup.png
plusle,pokemon\images\plusle.png,pokemon_distorted\plusle.png
poipole,pokemon\images\poipole.png,pokemon_distorted\poipole.png
politoed,pokemon\images\politoed.png,pokemon_distorted\politoed.png
poliwag,pokemon\images\poliwag.png,pokemon_distorted\poliwag.png
poliwhirl,pokemon\images\poliwhirl.png,pokemon_distorted\poliwhirl.png
poliwrath,pokemon\images\poliwrath.png,pokemon_distorted\poliwrath.png
ponyta,pokemon\images\ponyta.png,pokemon_distorted\ponyta.png
poochyena,pokemon\images\poochyena.png,pokemon_distorted\poochyena.png
popplio,pokemon\images\popplio.png,pokemon_distorted\popplio.png
porygon,pokemon\images\porygon.png,pokemon_distorted\porygon.png
porygon-z,pokemon\images\porygon-z.png,pokemon_distorted\porygon-z.png
porygon2,pokemon\images\porygon2.png,pokemon_distorted\porygon2.png
primarina,pokemon\images\primarina.png,pokemon_distorted\primarina.png
primeape,pokemon\images\primeape.png,pokemon_distorted\primeape.png
prinplup,pokemon\images\prinplup.png,pokemon_distorted\prinplup.png
probopass,pokemon\images\probopass.png,pokemon_distorted\probopass.png
psyduck,pokemon\images\psyduck.png,pokemon_distorted\psyduck.png
pumpkaboo-average,pokemon\images\pumpkaboo-average.png,pokemon_distorted\pumpkaboo-average.png
pupitar,pokemon\images\pupitar.png,pokemon_distorted\pupitar.png
purrloin,pokemon\images\purrloin.png,pokemon_distorted\purrloin.png
purugly,pokemon\images\purugly.png,pokemon_distorted\purugly.png
pyroar,pokemon\images\pyroar.png,pokemon_distorted\pyroar.png
pyukumuku,pokemon\images\pyukumuku.png,pokemon_distorted\pyukumuku.png
quagsire,pokemon\images\quagsire.png,pokemon_distorted\quagsire.png
quilava,pokemon\images\quilava.png,pokemon_distorted\quilava.png
quilladin,pokemon\images\quilladin.png,pokemon_distorted\quilladin.png
qwilfish,pokemon\images\qwilfish.png,pokemon_distorted\qwilfish.png
raichu,pokemon\images\raichu.png,pokemon_distorted\raichu.png
raikou,pokemon\images\raikou.png,pokemon_distorted\raikou.png
ralts,pokemon\images\ralts.png,pokemon_distorted\ralts.png
rampardos,pokemon\images\rampardos.png,pokemon_distorted\rampardos.png
rapidash,pokemon\images\rapidash.png,pokemon_distorted\rapidash.png
raticate,pokemon\images\raticate.png,pokemon_distorted\raticate.png
rattata,pokemon\images\rattata.png,pokemon_distorted\rattata.png
rayquaza,pokemon\images\rayquaza.png,pokemon_distorted\rayquaza.png
regice,pokemon\images\regice.png,pokemon_distorted\regice.png
regigigas,pokemon\images\regigigas.png,pokemon_distorted\regigigas.png
regirock,pokemon\images\regirock.png,pokemon_distorted\regirock.png
registeel,pokemon\images\registeel.png,pokemon_distorted\registeel.png
relicanth,pokemon\images\relicanth.png,pokemon_distorted\relicanth.png
remoraid,pokemon\images\remoraid.png,pokemon_distorted\remoraid.png
reshiram,pokemon\images\reshiram.png,pokemon_distorted\reshiram.png
reuniclus,pokemon\images\reuniclus.png,pokemon_distorted\reuniclus.png
rhydon,pokemon\images\rhydon.png,pokemon_distorted\rhydon.png
rhyhorn,pokemon\images\rhyhorn.png,pokemon_distorted\rhyhorn.png
rhyperior,pokemon\images\rhyperior.png,pokemon_distorted\rhyperior.png
ribombee,pokemon\images\ribombee.png,pokemon_distorted\ribombee.png
riolu,pokemon\images\riolu.png,pokemon_distorted\riolu.png
rockruff,pokemon\images\rockruff.png,pokemon_distorted\rockruff.png
roggenrola,pokemon\images\roggenrola.png,pokemon_distorted\roggenrola.png
roselia,pokemon\images\roselia.png,pokemon_distorted\roselia.png
roserade,pokemon\images\roserade.png,pokemon_distorted\roserade.png
rotom,pokemon\images\rotom.png,pokemon_distorted\rotom.png
rowlet,pokemon\images\rowlet.png,pokemon_distorted\rowlet.png
rufflet,pokemon\images\rufflet.png,pokemon_distorted\rufflet.png
sableye,pokemon\images\sableye.png,pokemon_distorted\sableye.png
salamence,pokemon\images\salamence.png,pokemon_distorted\salamence.png
salandit,pokemon\images\salandit.png,pokemon_distorted\salandit.png
salazzle,pokemon\images\salazzle.png,pokemon_distorted\salazzle.png
samurott,pokemon\images\samurott.png,pokemon_distorted\samurott.png
sandile,pokemon\images\sandile.png,pokemon_distorted\sandile.png
sandshrew,pokemon\images\sandshrew.png,pokemon_distorted\sandshrew.png
sandslash,pokemon\images\sandslash.png,pokemon_distorted\sandslash.png
sandygast,pokemon\images\sandygast.png,pokemon_distorted\sandygast.png
sawk,pokemon\images\sawk.png,pokemon_distorted\sawk.png
sawsbuck,pokemon\images\sawsbuck.png,pokemon_distorted\sawsbuck.png
scatterbug,pokemon\images\scatterbug.png,pokemon_distorted\scatterbug.png
sceptile,pokemon\images\sceptile.png,pokemon_distorted\sceptile.png
scizor,pokemon\images\scizor.png,pokemon_distorted\scizor.png
scolipede,pokemon\images\scolipede.png,pokemon_distorted\scolipede.png
scrafty,pokemon\images\scrafty.png,pokemon_distorted\scrafty.png
scraggy,pokemon\images\scraggy.png,pokemon_distorted\scraggy.png
scyther,pokemon\images\scyther.png,pokemon_distorted\scyther.png
seadra,pokemon\images\seadra.png,pokemon_distorted\seadra.png
seaking,pokemon\images\seaking.png,pokemon_distorted\seaking.png
sealeo,pokemon\images\sealeo.png,pokemon_distorted\sealeo.png
seedot,pokemon\images\seedot.png,pokemon_distorted\seedot.png
seel,pokemon\images\seel.png,pokemon_distorted\seel.png
seismitoad,pokemon\images\seismitoad.png,pokemon_distorted\seismitoad.png
sentret,pokemon\images\sentret.png,pokemon_distorted\sentret.png
serperior,pokemon\images\serperior.png,pokemon_distorted\serperior.png
servine,pokemon\images\servine.png,pokemon_distorted\servine.png
seviper,pokemon\images\seviper.png,pokemon_distorted\seviper.png
sewaddle,pokemon\images\sewaddle.png,pokemon_distorted\sewaddle.png
sharpedo,pokemon\images\sharpedo.png,pokemon_distorted\sharpedo.png
shaymin-land,pokemon\images\shaymin-land.png,pokemon_distorted\shaymin-land.png
shedinja,pokemon\images\shedinja.png,pokemon_distorted\shedinja.png
shelgon,pokemon\images\shelgon.png,pokemon_distorted\shelgon.png
shellder,pokemon\images\shellder.png,pokemon_distorted\shellder.png
shellos,pokemon\images\shellos.png,pokemon_distorted\shellos.png
shelmet,pokemon\images\shelmet.png,pokemon_distorted\shelmet.png
shieldon,pokemon\images\shieldon.png,pokemon_distorted\shieldon.png
shiftry,pokemon\images\shiftry.png,pokemon_distorted\shiftry.png
shiinotic,pokemon\images\shiinotic.png,pokemon_distorted\shiinotic.png
shinx,pokemon\images\shinx.png,pokemon_distorted\shinx.png
shroomish,pokemon\images\shroomish.png,pokemon_distorted\shroomish.png
shuckle,pokemon\images\shuckle.png,pokemon_distorted\shuckle.png
shuppet,pokemon\images\shuppet.png,pokemon_distorted\shuppet.png
sigilyph,pokemon\images\sigilyph.png,pokemon_distorted\sigilyph.png
silcoon,pokemon\images\silcoon.png,pokemon_distorted\silcoon.png
silvally,pokemon\images\silvally.png,pokemon_distorted\silvally.png
simipour,pokemon\images\simipour.png,pokemon_distorted\simipour.png
simisage,pokemon\images\simisage.png,pokemon_distorted\simisage.png
simisear,pokemon\images\simisear.png,pokemon_distorted\simisear.png
skarmory,pokemon\images\skarmory.png,pokemon_distorted\skarmory.png
skiddo,pokemon\images\skiddo.png,pokemon_distorted\skiddo.png
skiploom,pokemon\images\skiploom.png,pokemon_distorted\skiploom.png
skitty,pokemon\images\skitty.png,pokemon_distorted\skitty.png
skorupi,pokemon\images\skorupi.png,pokemon_distorted\skorupi.png
skrelp,pokemon\images\skrelp.png,pokemon_distorted\skrelp.png
skuntank,pokemon\images\skuntank.png,pokemon_distorted\skuntank.png
slaking,pokemon\images\slaking.png,pokemon_distorted\slaking.png
slakoth,pokemon\images\slakoth.png,pokemon_distorted\slakoth.png
sliggoo,pokemon\images\sliggoo.png,pokemon_distorted\sliggoo.png
slowbro,pokemon\images\slowbro.png,pokemon_distorted\slowbro.png
slowking,pokemon\images\slowking.png,pokemon_distorted\slowking.png
slowpoke,pokemon\images\slowpoke.png,pokemon_distorted\slowpoke.png
slugma,pokemon\images\slugma.png,pokemon_distorted\slugma.png
slurpuff,pokemon\images\slurpuff.png,pokemon_distorted\slurpuff.png
smeargle,pokemon\images\smeargle.png,pokemon_distorted\smeargle.png
smoochum,pokemon\images\smoochum.png,pokemon_distorted\smoochum.png
sneasel,pokemon\images\sneasel.png,pokemon_distorted\sneasel.png
snivy,pokemon\images\snivy.png,pokemon_distorted\snivy.png
snorlax,pokemon\images\snorlax.png,pokemon_distorted\snorlax.png
snorunt,pokemon\images\snorunt.png,pokemon_distorted\snorunt.png
snover,pokemon\images\snover.png,pokemon_distorted\snover.png
snubbull,pokemon\images\snubbull.png,pokemon_distorted\snubbull.png
solgaleo,pokemon\images\solgaleo.png,pokemon_distorted\solgaleo.png
solosis,pokemon\images\solosis.png,pokemon_distorted\solosis.png
solrock,pokemon\images\solrock.png,pokemon_distorted\solrock.png
spearow,pokemon\images\spearow.png,pokemon_distorted\spearow.png
spewpa,pokemon\images\spewpa.png,pokemon_distorted\spewpa.png
spheal,pokemon\images\spheal.png,pokemon_distorted\spheal.png
spinarak,pokemon\images\spinarak.png,pokemon_distorted\spinarak.png
spinda,pokemon\images\spinda.png,pokemon_distorted\spinda.png
spiritomb,pokemon\images\spiritomb.png,pokemon_distorted\spiritomb.png
spoink,pokemon\images\spoink.png,pokemon_distorted\spoink.png
spritzee,pokemon\images\spritzee.png,pokemon_distorted\spritzee.png
squirtle,pokemon\images\squirtle.png,pokemon_distorted\squirtle.png
stakataka,pokemon\images\stakataka.png,pokemon_distorted\stakataka.png
stantler,pokemon\images\stantler.png,pokemon_distorted\stantler.png
staraptor,pokemon\images\staraptor.png,pokemon_distorted\staraptor.png
staravia,pokemon\images\staravia.png,pokemon_distorted\staravia.png
starly,pokemon\images\starly.png,pokemon_distorted\starly.png
starmie,pokemon\images\starmie.png,pokemon_distorted\starmie.png
staryu,pokemon\images\staryu.png,pokemon_distorted\staryu.png
steelix,pokemon\images\steelix.png,pokemon_distorted\steelix.png
steenee,pokemon\images\steenee.png,pokemon_distorted\steenee.png
stoutland,pokemon\images\stoutland.png,pokemon_distorted\stoutland.png
stufful,pokemon\images\stufful.png,pokemon_distorted\stufful.png
stunfisk,pokemon\images\stunfisk.png,pokemon_distorted\stunfisk.png
stunky,pokemon\images\stunky.png,pokemon_distorted\stunky.png
sudowoodo,pokemon\images\sudowoodo.png,pokemon_distorted\sudowoodo.png
suicune,pokemon\images\suicune.png,pokemon_distorted\suicune.png
sunflora,pokemon\images\sunflora.png,pokemon_distorted\sunflora.png
sunkern,pokemon\images\sunkern.png,pokemon_distorted\sunkern.png
surskit,pokemon\images\surskit.png,pokemon_distorted\surskit.png
swablu,pokemon\images\swablu.png,pokemon_distorted\swablu.png
swadloon,pokemon\images\swadloon.png,pokemon_distorted\swadloon.png
swalot,pokemon\images\swalot.png,pokemon_distorted\swalot.png
swampert,pokemon\images\swampert.png,pokemon_distorted\swampert.png
swanna,pokemon\images\swanna.png,pokemon_distorted\swanna.png
swellow,pokemon\images\swellow.png,pokemon_distorted\swellow.png
swinub,pokemon\images\swinub.png,pokemon_distorted\swinub.png
swirlix,pokemon\images\swirlix.png,pokemon_distorted\swirlix.png
swoobat,pokemon\images\swoobat.png,pokemon_distorted\swoobat.png
sylveon,pokemon\images\sylveon.png,pokemon_distorted\sylveon.png
taillow,pokemon\images\taillow.png,pokemon_distorted\taillow.png
talonflame,pokemon\images\talonflame.png,pokemon_distorted\talonflame.png
tangela,pokemon\images\tangela.png,pokemon_distorted\tangela.png
tangrowth,pokemon\images\tangrowth.png,pokemon_distorted\tangrowth.png
tapu-bulu,pokemon\images\tapu-bulu.png,pokemon_distorted\tapu-bulu.png
tapu-fini,pokemon\images\tapu-fini.png,pokemon_distorted\tapu-fini.png
tapu-koko,pokemon\images\tapu-koko.png,pokemon_distorted\tapu-koko.png
tapu-lele,pokemon\images\tapu-lele.png,pokemon_distorted\tapu-lele.png
tauros,pokemon\images\tauros.png,pokemon_distorted\tauros.png
teddiursa,pokemon\images\teddiursa.png,pokemon_distorted\teddiursa.png
tentacool,pokemon\images\tentacool.png,pokemon_distorted\tentacool.png
tentacruel,pokemon\images\tentacruel.png,pokemon_distorted\tentacruel.png
tepig,pokemon\images\tepig.png,pokemon_distorted\tepig.png
terrakion,pokemon\images\terrakion.png,pokemon_distorted\terrakion.png
throh,pokemon\images\throh.png,pokemon_distorted\throh.png
thundurus-incarnate,pokemon\images\thundurus-incarnate.png,pokemon_distorted\thundurus-incarnate.png
timburr,pokemon\images\timburr.png,pokemon_distorted\timburr.png
tirtouga,pokemon\images\tirtouga.png,pokemon_distorted\tirtouga.png
togedemaru,pokemon\images\togedemaru.png,pokemon_distorted\togedemaru.png
togekiss,pokemon\images\togekiss.png,pokemon_distorted\togekiss.png
togepi,pokemon\images\togepi.png,pokemon_distorted\togepi.png
togetic,pokemon\images\togetic.png,pokemon_distorted\togetic.png
torchic,pokemon\images\torchic.png,pokemon_distorted\torchic.png
torkoal,pokemon\images\torkoal.png,pokemon_distorted\torkoal.png
tornadus-incarnate,pokemon\images\tornadus-incarnate.png,pokemon_distorted\tornadus-incarnate.png
torracat,pokemon\images\torracat.png,pokemon_distorted\torracat.png
torterra,pokemon\images\torterra.png,pokemon_distorted\torterra.png
totodile,pokemon\images\totodile.png,pokemon_distorted\totodile.png
toucannon,pokemon\images\toucannon.png,pokemon_distorted\toucannon.png
toxapex,pokemon\images\toxapex.png,pokemon_distorted\toxapex.png
toxicroak,pokemon\images\toxicroak.png,pokemon_distorted\toxicroak.png
tranquill,pokemon\images\tranquill.png,pokemon_distorted\tranquill.png
trapinch,pokemon\images\trapinch.png,pokemon_distorted\trapinch.png
treecko,pokemon\images\treecko.png,pokemon_distorted\treecko.png
trevenant,pokemon\images\trevenant.png,pokemon_distorted\trevenant.png
tropius,pokemon\images\tropius.png,pokemon_distorted\tropius.png
trubbish,pokemon\images\trubbish.png,pokemon_distorted\trubbish.png
trumbeak,pokemon\images\trumbeak.png,pokemon_distorted\trumbeak.png
tsareena,pokemon\images\tsareena.png,pokemon_distorted\tsareena.png
turtonator,pokemon\images\turtonator.png,pokemon_distorted\turtonator.png
turtwig,pokemon\images\turtwig.png,pokemon_distorted\turtwig.png
tympole,pokemon\images\tympole.png,pokemon_distorted\tympole.png
tynamo,pokemon\images\tynamo.png,pokemon_distorted\tynamo.png
type-null,pokemon\images\type-null.png,pokemon_distorted\type-null.png
typhlosion,pokemon\images\typhlosion.png,pokemon_distorted\typhlosion.png
tyranitar,pokemon\images\tyranitar.png,pokemon_distorted\tyranitar.png
tyrantrum,pokemon\images\tyrantrum.png,pokemon_distorted\tyrantrum.png
tyrogue,pokemon\images\tyrogue.png,pokemon_distorted\tyrogue.png
tyrunt,pokemon\images\tyrunt.png,pokemon_distorted\tyrunt.png
umbreon,pokemon\images\umbreon.png,pokemon_distorted\umbreon.png
unfezant,pokemon\images\unfezant.png,pokemon_distorted\unfezant.png
unown,pokemon\images\unown.png,pokemon_distorted\unown.png
ursaring,pokemon\images\ursaring.png,pokemon_distorted\ursaring.png
uxie,pokemon\images\uxie.png,pokemon_distorted\uxie.png
vanillish,pokemon\images\vanillish.png,pokemon_distorted\vanillish.png
vanillite,pokemon\images\vanillite.png,pokemon_distorted\vanillite.png
vanilluxe,pokemon\images\vanilluxe.png,pokemon_distorted\vanilluxe.png
vaporeon,pokemon\images\vaporeon.png,pokemon_distorted\vaporeon.png
venipede,pokemon\images\venipede.png,pokemon_distorted\venipede.png
venomoth,pokemon\images\venomoth.png,pokemon_distorted\venomoth.png
venonat,pokemon\images\venonat.png,pokemon_distorted\venonat.png
venusaur,pokemon\images\venusaur.png,pokemon_distorted\venusaur.png
vespiquen,pokemon\images\vespiquen.png,pokemon_distorted\vespiquen.png
vibrava,pokemon\images\vibrava.png,pokemon_distorted\vibrava.png
victini,pokemon\images\victini.png,pokemon_distorted\victini.png
victreebel,pokemon\images\victreebel.png,pokemon_distorted\victreebel.png
vigoroth,pokemon\images\vigoroth.png,pokemon_distorted\vigoroth.png
vikavolt,pokemon\images\vikavolt.png,pokemon_distorted\vikavolt.png
vileplume,pokemon\images\vileplume.png,pokemon_distorted\vileplume.png
virizion,pokemon\images\virizion.png,pokemon_distorted\virizion.png
vivillon,pokemon\images\vivillon.png,pokemon_distorted\vivillon.png
volbeat,pokemon\images\volbeat.png,pokemon_distorted\volbeat.png
volcanion,pokemon\images\volcanion.png,pokemon_distorted\volcanion.png
volcarona,pokemon\images\volcarona.png,pokemon_distorted\volcarona.png
voltorb,pokemon\images\voltorb.png,pokemon_distorted\voltorb.png
vullaby,pokemon\images\vullaby.png,pokemon_distorted\vullaby.png
vulpix,pokemon\images\vulpix.png,pokemon_distorted\vulpix.png
wailmer,pokemon\images\wailmer.png,pokemon_distorted\wailmer.png
wailord,pokemon\images\wailord.png,pokemon_distorted\wailord.png
walrein,pokemon\images\walrein.png,pokemon_distorted\walrein.png
wartortle,pokemon\images\wartortle.png,pokemon_distorted\wartortle.png
watchog,pokemon\images\watchog.png,pokemon_distorted\watchog.png
weavile,pokemon\images\weavile.png,pokemon_distorted\weavile.png
weedle,pokemon\images\weedle.png,pokemon_distorted\weedle.png
weepinbell,pokemon\images\weepinbell.png,pokemon_distorted\weepinbell.png
weezing,pokemon\images\weezing.png,pokemon_distorted\weezing.png
whimsicott,pokemon\images\whimsicott.png,pokemon_distorted\whimsicott.png
whirlipede,pokemon\images\whirlipede.png,pokemon_distorted\whirlipede.png
whiscash,pokemon\images\whiscash.png,pokemon_distorted\whiscash.png
whismur,pokemon\images\whismur.png,pokemon_distorted\whismur.png
wigglytuff,pokemon\images\wigglytuff.png,pokemon_distorted\wigglytuff.png
wimpod,pokemon\images\wimpod.png,pokemon_distorted\wimpod.png
wingull,pokemon\images\wingull.png,pokemon_distorted\wingull.png
wishiwashi-solo,pokemon\images\wishiwashi-solo.png,pokemon_distorted\wishiwashi-solo.png
wobbuffet,pokemon\images\wobbuffet.png,pokemon_distorted\wobbuffet.png
woobat,pokemon\images\woobat.png,pokemon_distorted\woobat.png
wooper,pokemon\images\wooper.png,pokemon_distorted\wooper.png
wormadam-plant,pokemon\images\wormadam-plant.png,pokemon_distorted\wormadam-plant.png
wurmple,pokemon\images\wurmple.png,pokemon_distorted\wurmple.png
wynaut,pokemon\images\wynaut.png,pokemon_distorted\wynaut.png
xatu,pokemon\images\xatu.png,pokemon_distorted\xatu.png
xerneas,pokemon\images\xerneas.png,pokemon_distorted\xerneas.png
xurkitree,pokemon\images\xurkitree.png,pokemon_distorted\xurkitree.png
yamask,pokemon\images\yamask.png,pokemon_distorted\yamask.png
yanma,pokemon\images\yanma.png,pokemon_distorted\yanma.png
yanmega,pokemon\images\yanmega.png,pokemon_distorted\yanmega.png
yungoos,pokemon\images\yungoos.png,pokemon_distorted\yungoos.png
yveltal,pokemon\images\yveltal.png,pokemon_distorted\yveltal.png
zangoose,pokemon\images\zangoose.png,pokemon_distorted\zangoose.png
zapdos,pokemon\images\zapdos.png,pokemon_distorted\zapdos.png
zebstrika,pokemon\images\zebstrika.png,pokemon_distorted\zebstrika.png
zekrom,pokemon\images\zekrom.png,pokemon_distorted\zekrom.png
zeraora,pokemon\images\zeraora.png,pokemon_distorted\zeraora.png
zigzagoon,pokemon\images\zigzagoon.png,pokemon_distorted\zigzagoon.png
zoroark,pokemon\images\zoroark.png,pokemon_distorted\zoroark.png
zorua,pokemon\images\zorua.png,pokemon_distorted\zorua.png
zubat,pokemon\images\zubat.png,pokemon_distorted\zubat.png
zweilous,pokemon\images\zweilous.png,pokemon_distorted\zweilous.png
zygarde-50,pokemon\images\zygarde-50.png,pokemon_distorted\zygarde-50.png
